{"cameraMode":{"drawMode":0,"name":"Shaded","section":"Shading Mode"},"sceneLighting":false,"audioPlay":false,"sceneViewState":{"showFog":true,"showMaterialUpdate":false,"showSkybox":true,"showFlares":true,"showImageEffects":true,"showParticleSystems":true},"in2DMode":false,"pivot":{"x":20.811979293823243,"y":-7.040121555328369,"z":-60.21052169799805},"rotation":{"x":0.21678900718688966,"y":0.4608980119228363,"z":-0.11719676107168198,"w":0.8525494337081909},"size":2.375105619430542,"orthographic":false}