{"cameraMode":{"drawMode":0,"name":"Shaded","section":"Shading Mode"},"sceneLighting":false,"audioPlay":false,"sceneViewState":{"showFog":true,"showMaterialUpdate":false,"showSkybox":true,"showFlares":true,"showImageEffects":true,"showParticleSystems":true},"in2DMode":false,"pivot":{"x":14.480095863342286,"y":-7.6444172859191898,"z":-64.31089782714844},"rotation":{"x":0.005216735880821943,"y":0.9751847982406616,"z":-0.22012168169021607,"w":0.023107094690203668},"size":3.1037330627441408,"orthographic":false}