{"cameraMode":{"drawMode":0,"name":"Shaded","section":"Shading Mode"},"sceneLighting":false,"audioPlay":false,"sceneViewState":{"showFog":true,"showMaterialUpdate":false,"showSkybox":true,"showFlares":true,"showImageEffects":true,"showParticleSystems":true},"in2DMode":false,"pivot":{"x":-827.9845581054688,"y":-1059.2188720703125,"z":-2668.02392578125},"rotation":{"x":0.09589996933937073,"y":0.6610379219055176,"z":-0.0857522040605545,"w":0.7392419576644898},"size":23.75120735168457,"orthographic":false}