{"cameraMode":{"drawMode":0,"name":"Shaded","section":"Shading Mode"},"sceneLighting":false,"audioPlay":false,"sceneViewState":{"showFog":true,"showMaterialUpdate":false,"showSkybox":true,"showFlares":true,"showImageEffects":true,"showParticleSystems":true},"in2DMode":false,"pivot":{"x":21.00900650024414,"y":-6.901947975158691,"z":-60.38685989379883},"rotation":{"x":0.09589996933937073,"y":0.6610379219055176,"z":-0.0857522040605545,"w":0.7392419576644898},"size":3.5751054286956789,"orthographic":false}