{"cameraMode":{"drawMode":0,"name":"Shaded","section":"Shading Mode"},"sceneLighting":false,"audioPlay":false,"sceneViewState":{"showFog":true,"showMaterialUpdate":false,"showSkybox":true,"showFlares":true,"showImageEffects":true,"showParticleSystems":true},"in2DMode":false,"pivot":{"x":-0.08021879196166992,"y":7.924885272979736,"z":-0.47522687911987307},"rotation":{"x":0.2724885642528534,"y":-0.6340015530586243,"z":0.25507277250289919,"w":0.677295982837677},"size":34.354393005371097,"orthographic":false}